label,title,path
Entertainment,SIDEMEN GUESS THE LINK OFFENSIVE EDITION by MoreSidemen,1.jpg
Entertainment,Our Most Demonic Experience  Zak Bagans Haunted Museum by Sam and Colby,2.jpg
Educational,How SpaceX and Boeing will get Astronauts to the ISS by EverydayAstronaut,3.jpg
Educational,'TIRED OF IT' Voters sound off after latest attacks on Trump by FoxNews,4.jpg
Entertainment,Can We Predict An Outbreak's Future - Modeling Crash Course Outbreak Science #9 by crashcourse,5.jpg
Entertainment,"Chloe vs. Kendall Rematch (S4, E4)  Full Episode  Dance Moms by Dance Moms",6.jpg
Educational,The method that can prove almost anything - James A. Smith by TEDEd,7.jpg
Entertainment,Biden welcomes Houston Astros to the White House by NBCNews,8.jpg
Educational,Can You Solve This Shadow Illusion by Veritasium,9.jpg
Entertainment,TURNING MY BACKYARD INTO A WINTER WONDERLAND! snow in LA! by JamesCharles,10.jpg
Entertainment,Inside Minecraft's Most Terrifying House by Forge Labs,11.jpg
Entertainment,Five Nights At Freddy's Security Breach RUIN DLC by RanbooVODS,12.jpg
Educational,AWS CodeWhisperer… The Copilot Killer by Fireship,13.jpg
Educational,Lecture 2 Poverty Traps Theory by mitocw,14.jpg
Entertainment,Back from brain surgery by simonegiertz,15.jpg
Entertainment,There's a Reason This Survival Challenge is #1 on the Workshop by ScrapMan,16.jpg
Educational,"Bird Taking Off at 20,000 fps (213 milliseconds) - Smarter Every Day 197 by smartereveryday",17.jpg
Entertainment,Video Game Study Lounge by GameChops,18.jpg
Entertainment,The Conception of Faith - Bishop Jakes by T.D. Jakes,19.jpg
Educational,Why Age Should We End Aging Forever by kurzgesagt,20.jpg
Educational,DRONE Solar System Model- How far is Planet 9 by MarkRober,21.jpg
Educational,The Day the Dinosaurs Died – Minute by Minute by kurzgesagt,22.jpg
Entertainment,"Vivek Ramaswamy Young people are hungry for purpose, meaning and identity by FoxNews",23.jpg
Entertainment,"Medieval Inn Music – Woodland Tavern  Fantasy, Celtic by Ian Ravnskjold",24.jpg
Entertainment,Soft jazz music and Bossaov for a good mood☕ Music in the Positive Jazz Lounge cafe by In The Rain,25.jpg
Entertainment,Speedrunning with 1000 AUTO CLICKERS To Exploit The Game - Cookie Clicker Is Perfectly Balanced by The Spiffing Brit,27.jpg
Educational,Analog vs. digital signals  Waves  Middle school physics  Khan Academy by khanacademy,28.jpg
Educational,Homeopathy Explained – Gentle Healing or Reckless Fraud by kurzgesagt,29.jpg
Educational,"The 12,019 Calendar IS HERE – A new calendar for humanity by kurzgesagt",30.jpg
Entertainment,"Nostalgic Video Game Music Calm Your Mind While It's Raining for Studying, Sleep, Work... by stardew valley",31.jpg
Entertainment,Max Verstappen Learns How to Drift  Feat Mad Mike by Red Bull Motorsports,32.jpg
Entertainment,Minecraft Warden Update is a NIGHTMARE! by PewDiePie,33.jpg
Entertainment,Ship Happens on the boat! Cutless Bearing Removal and Toilet Drama! by Ship Happens Adventures,34.jpg
Educational,Microwaving Grapes Makes Plasma by Veritasium,35.jpg
Educational,Which Ball Can I Throw the Nastiest Pitch With (Ball Roulette) by We Got Ice,36.jpg
Educational,Can a Pellet Grill Fool a Texas Pitmaster by Mad Scientist BBQ,37.jpg
Entertainment,DEAF BLIND MUTE BAKING CHALLENGE  The Laeno Family by The Laeno Family,38.jpg
Educational,How Much Is Your Body Worth by AsapSCIENCE,39.jpg
Educational,The Logistics of the US Election by Wendoverproductions,40.jpg
Entertainment,Animated Stories With Very Good Nice Morals (w Chad Chad) by Danny Gonzalez,41.jpg
Entertainment,"6 Hours Mozart for Studying, Concentration, Relaxation by HALIDONMUSIC",42.jpg
Entertainment,TikToks Only A Doctor Can Explain by Doctor Mike,43.jpg
Entertainment,"$1 vs $500,000 Plane Ticket! by MrBeast",44.jpg
Entertainment,Tory Lanez - Say It by Tory Lanez,45.jpg
Entertainment,Rocket League World Championship  Group Stage  Day 1 by Rocket League Esports,46.jpg
Entertainment,Repairing a CAT D8 Dozer sitting 15+ years! by Diesel Creek,47.jpg
Entertainment,ALONE IN NEW YORK PART 2 by emmachamberlain,48.jpg
Entertainment,"Capsized Boat in Destin, FL - Smarter Every Day 277 by smartereveryday",49.jpg
Entertainment,cant believe markiplier did this to me by PewDiePie,50.jpg
Entertainment,Paleoart Painting the Land Before Time by thebrainscoop,51.jpg
Entertainment,Gutfeld There’s a rebellion against beauty by FoxNews,52.jpg
Entertainment,Zapped Might Be Disney's Most Disturbing Movie by Danny Gonzalez,53.jpg
Educational,Testing the US Military’s Worst Idea by Veritasium,54.jpg
Educational,Procedural Landmass Generation (E19 refactoring 12) by SebastianLague,55.jpg
Educational,Algorithms Explained – minimax and alpha-beta pruning by SebastianLague,56.jpg
Entertainment,"Healing Music to Relieve Stress, Fatigue, Depression, Negativity, Detox negative emotions by Love YourSelf",57.jpg
Educational,Black Americans in the Civil War Crash Course Black American History #18 by crashcourse,58.jpg
Educational,Lecture 18 Case Hx Cancer Diagnostics by mitocw,59.jpg
Entertainment,Extra Monitors DO Hurt Your Gaming Performance by Linus Tech Tips,60.jpg
Entertainment,england in august by emmachamberlain,61.jpg
Educational,"SIADH (Syndrome of Inappropriate ADH secretion) - mechanism, pathophysiology, treatment by armandohasudungan",62.jpg
Educational,I still can't believe that Epsom Salt is mostly water by NileRed,63.jpg
Educational,Let me Cook You a Meal (for reaching 50K Subs). by NileRed,64.jpg
Entertainment,I Survived 100 Days as a SCULK DRAGON in Minecraft by Ryguyrocky,65.jpg
Entertainment,romanticizing studying playlist by azelia,66.jpg
Educational,Lecture 1 Basic Banach Space Theory by mitocw,67.jpg
Educational,Storing dead people at -196°C by Tom Scott,68.jpg
Educational,Lecture 4 Behavioral Development Economics Introduction by mitocw,69.jpg
Educational,(REBROADCAST) NAVI vs DRX - VALORANT Champions - Group by VALORANT Champions Tour,70.jpg
Educational,How do we create a better economy by TEDEd,71.jpg
Educational,How Small Is An Atom Spoiler Very Small. by kurzgesagt,72.jpg
Educational,The dark history of Mount Rushmore - Ned Blackhawk and Jeffrey D. Means by TEDEd,73.jpg
Entertainment,HOW I PACK FOR FASHION WEEK CHAOS by emmachamberlain,74.jpg
Educational,The Diels-Alder & Other Pericyclic Reactions Crash Course Organic Chemistry #42 by crashcourse,75.jpg
Entertainment,Best Friends Play The Newlywed Game! - PRETTY BASIC - EP. 225 by Pretty Basic Podcast,76.jpg
Entertainment,Carnivore Diet - I'M DONE (142 Days In) by HomeSteadHow,77.jpg
Entertainment,She Lied about Her Age .. And Size (90 day Fiance) by PewDiePie,78.jpg
Entertainment,RUNNING A MARATHON WITH NO TRAINING by emmachamberlain,79.jpg
Educational,Is Yoga Actually Good For You  SciSKETCH by AsapSCIENCE,80.jpg
Entertainment,My Daughter's 24 HOUR TRAMPOLINE PARK Challenge by Jordan Matter,81.jpg
Educational,What's Actually the Plane of the Future by Wendoverproductions,82.jpg
Educational,"COVID-19 (SARS Coronavirus 2) - timeline, pathophysiology (ARDS), coronavirus life cycle, treatment by armandohasudungan",83.jpg
Entertainment,Sharkboy and Lavagirl is a Surreal Nightmare by Microwave Society,84.jpg
Entertainment,I've been keeping a tiny secret. (no I'm not pregnant) by simonegiertz,85.jpg
Educational,React Router 6 – Full Course by freecodecamp,86.jpg
Educational,Rating Really Terrible Inventions by simonegiertz,87.jpg
Entertainment,Star Trek 10 Things You Didn't Know About Kira Nerys by TrekCulture,88.jpg
Educational,Unlimited Resources From Space – Asteroid Mining by kurzgesagt,89.jpg
Educational,Why Do Outbreaks Affect People Unequally Crash Course Outbreak Science #4 by crashcourse,90.jpg
Entertainment,"TIP TUESDAY  Get ready with me WIG EDITION! Put a wig on, lay down lifting lace, style with a clip by Denise Sheets",91.jpg
Educational,"Sudan's conflict, explained by Vox",92.jpg
Educational,Making milk lactose free by NileRed,93.jpg
Educational,"The Year 12,018 Calendar IS OUT NOW – A new calendar for humanity by kurzgesagt",94.jpg
Entertainment,"Rapper Embarrasses D1 Commits for $10,000! (Washington DC 1on1's) by Deestroying",95.jpg
Entertainment,Hellboy by Action & adventure • 2019,96.jpg
Educational,How Large Can a Bacteria get Life & Size 3 by kurzgesagt,97.jpg
Entertainment,IT'S MY BIRTHDAY AND MY BOYS ARE COOKING FOR ME (WITH A SPECIAL TWIST...)  SAM THE COOKING GUY by SAM THE COOKING GUY,98.jpg
Entertainment,Bene Baby - Instagram feat. Choppa Capone  03- Performance  From Tokyo by 03- Performance,99.jpg
Entertainment,Trying to Improve My Geography Game with More Real-World Data by SebastianLague,100.jpg
Entertainment,"Coldplay  Top Songs 2023 Playlist  Yellow, My Universe, Viva La Vida... by TOPSIFY",101.jpg
Entertainment,MeatEater Podcast Ep. 466  Dire Wolves and Ancient Hunting Dogs by MeatEater,102.jpg
Educational,C in 100 Seconds by Fireship,103.jpg
Entertainment,Amerikaanse megabeer na tientallen inbraken gevangen by NOS Jeugdjournaal,104.jpg
Entertainment,Can I BEAT Terraria using Weapons I've NEVER used before! (Episode 1) by PythonGB,105.jpg
Entertainment,Polymer Clay Faux Dendritic Agate by Clayboutique,106.jpg
Educational,Lesson Planning with Khanmigo by khanacademy,107.jpg
Educational,Ethical dilemma Whose life is more valuable - Rebecca L. Walker by TEDEd,108.jpg
Educational,How to stay safe online shopping by khanacademy,109.jpg
Educational,Rental Scams Are On The Rise Check Your FOMO At The Door [Ad content from Zelle] by Vox,110.jpg
Entertainment,HITOMIN - SAYONARA by BETTOWNBOY,111.jpg
Educational,Jonathan Turley The DOJ has a very difficult case to prove by FoxNews,112.jpg
Educational,React for the Haters in 100 Seconds by Fireship,113.jpg
Educational,Is Most Published Research Wrong by Veritasium,114.jpg
Educational,"The Death Of Bees Explained – Parasites, Poison and Humans by kurzgesagt",115.jpg
